key,alt,answer
一,"yī (一, 一)",det.: one
在,"zài (在, 在)","in, at, on, etc."
有,"yǒu (有, 有)","have, possess"
個,"ge (個, 个)",m.[general]
我,"wǒ (我, 我)","I, me, ego, self"
不,"bù (不, 不)","non, do not, no, nowise, not, nope, nae, no more, nix"
這,"zhè (這, 这)","now, this, det.: this, it"
了,"le (了, 了)",entirely
他,"tā (他, 他)","he,  she,  it,  they"
也,"yě (也, 也)","also, too, as well, either, even"
就,"jiù (就, 就)","then,  at once,  right away,  an indicator strengthening speaker's evaluation"
人,"rén (人, 人)","person,  people"
都,"dōu (都, 都)","all, even, already"
說,"shuō (說, 说)","speak, talk, explain, scold"
而,"ér (而, 而)",conj.: and yet
我們,"wǒmen (我們, 我们)",we
你,"nǐ (你, 你)",you
要,"yào (要, 要)","must, should"
會,"huì (會, 会)",will
對,"duì (對, 对)",toward
及,"jí (及, 及)",conj.: and
和,"hé (和, 和)",conj.: and
與,"yǔ (與, 与)","conj.: and, together with"
以,"yǐ (以, 以)","using,  taking,  from a point on,  because of"
很,"hěn (很, 很)","pretty, thrice, monstrously, gey, quite, mighty, stinking, sopping, some, assai, full, most, clinking, much, thumping, awfully, fiendishly, thundering, very, real, really, bally, proper, grossly, powerful, so, rattling, well, considerably, greatly, terribly"
種,"zhǒng (種, 种)",m.[kind]
的,"de (的, 的)",particle: emphasizing an action/situation
大,"dà (大, 大)","great, macro, old, very, vast, tall, big, high, much"
能,"néng (能, 能)",can or to be capable of
著,"zhe (著, 着)",[aspect]
她,"tā (她, 她)","she, her, she  ,"
那,"nà (那, 那)",det.: that
上,"shàng (上, 上)","on, above"
但,"dàn (但, 但)","conj.: but, yet, still, nevertheless, only, merely"
年,"nián (年, 年)",m.[standard]
還,"hái (還, 还)","still, yet, also, too, as well, besides"
可以,"kěyǐ (可以, 可以)","can, may"
最,"zuì (最, 最)","most, to the highest degree, much, superlatively"
自己,"zìjǐ (自己, 自己)","lonesome, number_one, own, ego, self, oneself, name"
為,"wéi (為, 为)",by
來,"lái (來, 来)",to
所,"suǒ (所, 所)",that which
他們,"tāmen (他們, 他们)",they
兩,"liǎng (兩, 两)","det.: two, both sides , either"
各,"gè (各, 各)","det.: each, every"
可,"kě (可, 可)","can, may"
或,"huò (或, 或)","conj.: or, either or"
好,"hǎo (好, 好)",good
等,"děng (等, 等)","conj.: and so on,  etc"
又,"yòu (又, 又)","again, moreover"
將,"jiāng (將, 将)",be about to
因為,"yīnwèi (因為, 因为)","conj.: because, for, on account of"
於,"yū (於, 于)","in, at, to, from, out of, by"
由,"yóu (由, 由)","from, via, by, through, owing/due to"
從,"cóng (從, 从)","from, since, through"
更,"gèng (更, 更)","more, still/even more, further, furthermore"
被,"bèi (被, 被)",by
才,"cái (才, 才)","then and only then,  just now,  only before a number"
已,"yǐ (已, 已)",already
者,"zhě (者, 者)","nominal suffix, one who,  er"
每,"měi (每, 每)",det.: every
次,"cì (次, 次)",m.[activity]
把,"bǎ (把, 把)",indicating pre verbal object as thing dealt with by the action
三,"sān (三, 三)",det.: three
什麼,"shéme (什麼, 什么)","anything, what"
問題,"wèntí (問題, 问题)","problem, mishap, query, job, interface, question, inquiry, matter, enquiry, trouble, issue, worry, subject, topic, hang up, business, quaere"
其,"qí (其, 其)","det.: its, his, her, their, it, this, that"
讓,"ràng (讓, 让)","allow, induce sb. to do sth."
此,"cǐ (此, 此)","this, det.: this, here"
做,"zuò (做, 做)","make, do"
再,"zài (再, 再)","again, once more, further more , in a higher degree, and then, not"
所以,"suǒyǐ (所以, 所以)","conj.: so, therefore, as a result"
只,"zhǐ (只, 只)","only, merely"
則,"zé (則, 则)","then, in that case"
台灣,"táiwān (台灣, 台湾)",Taiwan
卻,"què (卻, 却)","however, but, yet, indeed"
並,"bìng (並, 并)",conj.: and
位,"wèi (位, 位)","location, digit, m.[general], , status, figure, throne, position, place, condition"
想,"xiǎng (想, 想)","think, suppose, reckon, consider, want to, would like to, feel like doing sth."
去,"qù (去, 去)",in order to
呢,"ne (呢, 呢)",particle: marking quesitons about subject already mentioned; indicating strong affirmation
學生,"xuéshēng (學生, 学生)","academic, pupil, pup, tutee, follower, scholar, schoolchild, schoolboy, alumnus, disciple, learner, scholastic, student"
表示,"biǎoshì (表示, 表示)","demonstrate, exhibit, prove, show, extend, manifest, express, stamp, signify, mark, witness, look, give, denote, evince, expression, bespeak, say, profess, mean, offer, utter, infer, indicate, represent, read, speak, refer, give tongue to, intend, be, shew, pay, stand_for, establish, stand for, present, render, betoken"
到,"dào (到, 到)",up until
公司,"gōngsī (公司, 公司)","place of business, business organization, incorporation, establishment, business concern, office, concern, business establishment, business, enterprise, company, corporation"
如果,"rúguǒ (如果, 如果)",conj.: if
社會,"shèhuì (社會, 社会)","community, society, monde, social, public"
看,"kàn (看, 看)","see, look at, watch, read, look upon, regard, look after, call on, visit"
小,"xiǎo (小, 小)","small, little, petty, minor;young"
天,"tiān (天, 天)",m.[standard]
因此,"yīncǐ (因此, 因此)","conj.: therefore, consequently"
新,"xīn (新, 新)","new, fresh, up to date"
但是,"dànshì (但是, 但是)","conj.: but, however, yet, still"
它,"tā (它, 它)","they neologism for {1ta1}[3] [4] ,  [4]"
中,"zhōng (中, 中)","center, middle, interior"
使,"shǐ (使, 使)","rarefy, piss_off, germinate, drench, blow_out, leave, cut_up, refract, run, dress_up, compose, shed, frizz, put_off, trot, send, strike, send as envoy , peal, alienate, pull_in, tone_up, bring around, astound, sublease, wither, cripple, bed_down, address, rehearse, usage, warm, smell_out, throw, inflect, get_down, skunk, capsize, congeal, bowl_over, bring_on, unseat, ensure, amalgamate, pro"
工作,"gōngzuò (工作, 工作)","work, job"
全,"quán (全, 全)","det.: all, Surname, whole, Quan"
覺得,"juéde (覺得, 觉得)","imagine, guess, believe, reckon, suspect, suppose, think, listen, feel, consider, think_of, appear, conceive"
使用,"shǐyòng (使用, 使用)","use, employ, apply"
這些,"zhèxiē (這些, 这些)",det.: these
裡,"lǐ (裡, 里)",inside
由於,"yóuyū (由於, 由于)",conj.: owing/due/thanks to
時候,"shíhòu (時候, 时候)","day, moment,  a point in time,"
知道,"zhīdào (知道, 知道)","tell, have, ken, understand, infer, wis, learn, cognize, gather, know, be aware of, wise up, savvy, mind, realize"
這樣,"zhèyàng (這樣, 这样)","so, such, like this, this way"
認為,"rènwéi (認為, 认为)","find, treat, deem, suppose, look_on, repute, discount, esteem, accredit, feel, account, calculate, estimate, take to be, reckon, expect, think, hold, trust, recognise, opine, sound off, adjudge, consideration, consider, regard as, look upon, believe_in, disbelieve, allow, conceive, regard, call, imagine, view, forecast, believe, suspect, rate, animadvert, look on, listen, speak up, figure, c"
時間,"shíjiān (時間, 时间)","moment, day, clock time, fourth_dimension, relativity, hour, duration, time, when, while, temporal, economy"
事,"shì (事, 事)","responsibility, trouble, event, thing, worry, accident, case, involvement, work, affair, job, concern, business, toast, matter"
過,"guò (過, 过)",[aspect]
向,"xiàng (向, 向)","to, towards"
可能,"kěnéng (可能, 可能)","probably, maybe"
中國,"zhōngguó (中國, 中国)","Cathay, China, china"
美國,"měiguó (美國, 美国)","House_of_Representatives, the United States of America, US, U.S.A., bench, Columbia, Yankeeland, U.S., United States, Democrat, Yankeedom, USA, America, United States of America"
幾,"jǐ (幾, 几)","det.: how many, a few, several, some"
系統,"xìtǒng (系統, 系统)","lineage, filiation, scheme, pedigree, system, formation, superstructure, programme, organization, succession, tract, system of rules, organisation, program"
政府,"zhèngfǔ (政府, 政府)","sirkar, state, country, nation, governmental, body politic, government, administration, civil order, polity, commonwealth, regime, res publica, land"
大家,"dàjiā (大家, 大家)","sundry, great master, rich and influential family, pontiff, all of us, everyone, authority, master, distinguished family"
國家,"guójiā (國家, 国家)","sirkar, state, country, patria, a people, nationality, nation, republic, soli, body politic, clime, national, civil order, polity, commonwealth, land, res publica"
許多,"xǔduō (許多, 许多)","lot, scores, lots, sight, pot, heap, quantity, plenty, slews, ton, battalion, many, scads, tidy sum, power, spate, chunk, pile, crowd, vastness, batch, lashings, whole lot, mint, mound, pocketful, large number, trunkful, ream, mickle, great deal, flock, mass, slew, heaps, a lot of, piles, whole slew, mess, raff, slue, gobs, much, lotta, multitude, volume, wad, store, raft, tons, satiety, rafts, doze"
生活,"shēnghuó (生活, 生活)","life, existence, livelihood"
跟,"gēn (跟, 跟)","with,  to,  from"
已經,"yǐjīng (已經, 已经)",already
大學,"dàxué (大學, 大学)","university, college"
研究,"yánjiù (研究, 研究)","study, research"
因,"yīn (因, 因)","conj.: because, as"
本,"běn (本, 本)",det.: this
二,"èr (二, 二)","det.: two,  second"
活動,"huódòng (活動, 活动)","activity, maneuver, behavior"
該,"gāi (該, 该)","det.: this,  that"
世界,"shìjiè (世界, 世界)","mundane, creation, world, monde, orb, nature, domain"
應,"yīng (應, 应)","should, ought to"
四,"sì (四, 四)",det.: four
希望,"xīwàng (希望, 希望)","hope, wish"
方式,"fāngshì (方式, 方式)","path, plan, pattern, tenor, system, method, manner, style, way, guise, fashion, wise, means, shape, how, embodiment, agency, gate, mode, sort"
內,"nèi (內, 内)",inside
項,"xiàng (項, 项)",m.[general]
啊,"ā (啊, 啊)",particle: used in direct address and exclamation; indicating obviousness/impatience/suggestion; used for confirmation
下,"xià (下, 下)",under condition/fact etc.
環境,"huánjìng (環境, 环境)","circumambiency, environmental, circumstances, environment, entourage, surround, atmosphere, setting, surroundings, ambiance, condition, context, circumstance, surrounding, frame, milieu, ambient, consideration, environs, medium, ambience"
一些,"yīxiē (一些, 一些)","det.: some,  a few,  a little"
必須,"bìxū (必須, 必须)",must
文化,"wénhuà (文化, 文化)","civilization, literacy, acculturation, Kultur, vandalism, cultural, education, schooling, culture"
高,"gāo (高, 高)","tall, high"
孩子,"háizi (孩子, 孩子)","kid, issue, chap, daughter, children, sonny, son or daughter, child, spawn, boy, kipper, son"
沒有,"méiyǒu (沒有, 没有)","not have, there is not, be without"
不能,"bùnéng (不能, 不能)","must/may/can not, not be allowed"
如,"rú (如, 如)","according to, in accordance with, such as, as if, like, for example"
開始,"kāishǐ (開始, 开始)","begin, start"
元,"yuán (元, 元)",m.[standard]
不同,"bùtóng (不同, 不同)",different
仍,"réng (仍, 仍)","yet, anyway, still"
網路,"wǎnglù (網路, 网路)","WWW, net, network, Internet, meshwork, web, world wide web, mesh, reticulation"
日本,"rìběn (日本, 日本)","Nippon, Cipango, Nihon, Japan, japan, Japanese"
用,"yòng (用, 用)",with
中心,"zhōngxīn (中心, 中心)","center, heart, hub"
雖然,"suīrán (雖然, 虽然)","conj.: though, although"
重要,"zhòngyào (重要, 重要)","important, significant, major"
地方,"dìfāng (地方, 地方)","country, soil, terrain, part, clime, way, territory, room, neighbourhood, tinderbox, locality as distinct from the central administrat, child, tract, province, position, respect, where, region, space, place, local"
進行,"jìnxíng (進行, 进行)","be in progress, go on, carry on/out"
關係,"guānxì (關係, 关系)","relation, bearing, impact, membership credentials, ""backdoor connections"""
市場,"shìchǎng (市場, 市场)","bourse, bazar, marketplace, grocery store, agora, bazaar, securities industry, grocery, piazza, plaza, rialto, mart, pitch, market"
太,"tài (太, 太)","excessively,  too,  extremely,  very"
老師,"lǎoshī (老師, 老师)","rabbi, professor, swami, instructor, teacher, mast"
提供,"tígōng (提供, 提供)","feed, offer, put_up, afford, proffer, set_up, capitalize, bring_forward, sponsor, extend, ply, provision, sustain, equip, supply, cough_up, bear, render, furnish, cater, billet, provide"
學校,"xuéxiào (學校, 学校)","seminary, schoolhouse, educational institution, school, institution"
應該,"yīnggāi (應該, 应该)","should, ought to"
指出,"zhǐchū (指出, 指出)","point, point_out, catch_out, bespeak, indicate, denote, point out that , note, show, designate, point out"
經濟,"jīngjì (經濟, 经济)","economy, financial condition, income"
其他,"qítā (其他, 其他)","det.: others, the rest, other, else"
家,"jiā (家, 家)","family, household, home, house"
發展,"fāzhǎn (發展, 发展)","develop, expand, grow"
教育,"jiàoyū (教育, 教育)",education
成為,"chéngwéi (成為, 成为)","find, join, comprise, turn to, commemorate, sample, entomb, come_up, commence, get hold, learn, add up, necessitate, run, make up, constitute, make, form, come, amount, represent, fall, presage, change, be, turn, turn into, become, line up, come up, shape, portend, foretell, get"
多,"duō (多, 多)","many, much, more, more than the correct/required number, excessive, too much, much/far more"
非常,"fēicháng (非常, 非常)","extraordinary, unusual, special, very, extremely, highly"
便,"biàn (便, 便)","as early as, soon afterwards, little as, as early, and then, and so, so, as early/little as, as little as, then, in that case"
方面,"fāngmiàn (方面, 方面)","side, aspect, sector, part, light, facet, behalf, way, respect, direction, bearing, field, phase, sphere, angle, hand"
很多,"hěnduō (很多, 很多)",det.:
吃,"chī (吃, 吃)","feed, have, be subject to, absorb, chow, live on, eat, have one's meals, be a strain, exhaust, fare, take in, live off, annihilate, wipe out, partake, suffer, ingest, consume, graze, lunch, manducate, incur, take, get, use up, make, taste, soak up"
然後,"ránhòu (然後, 然后)","therewith, and so, and_then, and then, thereupon, after that, so, then, with that"
未,"wèi (未, 未)","or not at end of sentence , have not yet, or not, not"
發現,"fāxiàn (發現, 发现)","find, discover"
電腦,"diànnǎo (電腦, 电脑)","electronic computer, computery, data processor, information processing system, computer"
一樣,"yīyàng (一樣, 一样)","same, equal, similar"
而且,"érqiě (而且, 而且)","conj.: furthermore, and"
心,"xīn (心, 心)","heart, mind, feeling, center, core"
不過,"búguò (不過, 不过)","conj.: but,  however,  only"
無法,"wúfǎ (無法, 无法)","nohow, unable to, unable, cannot"
企業,"qìyè (企業, 企业)","proposition, business enterprise, business organization, business concern, concern, commercial enterprise, endeavour, endeavor, industry, business, project, corporation, enterprise"
正,"zhèng (正, 正)","precisely, punctually"
服務,"fúwù (服務, 服务)","be in the service of, serve"
較,"jiào (較, 较)","rather, quite, relatively, more"
不會,"búhuì (不會, 不会)",won't
臺灣,"táiwān (臺灣, 台湾)",Taiwan
曾,"zēng (曾, 曾)","once, ever, before"
嗎,"mā (嗎, 吗)",particle: calling for agreement or disagreement
空間,"kōngjiān (空間, 空间)","elbow room, allowance, margin, roomage, open air/sky/space, road, leeway, way, open air, sheets, room, tolerance, opening, clear, sky, spacial, interspace, vacuity, spatial, dimension, open sky/space, space, place, vacuum"
看到,"kàndào (看到, 看到)","view, receive, ken, observe, lamp, catch, see, take in, watch, chatter away, lay_eyes_on, boast, brag, shoot the breeze, spy, catch sight of,  catch sight of"
五,"wǔ (五, 五)",det.: five
如何,"rúhé (如何, 如何)",how
國內,"guónèi (國內, 国内)","interior of country , interior, home, intestine, internal, domestic"
們,"men (們, 们)",pluralizer after pronouns and nouns of persons
無,"wú (無, 无)","not have, there is not"
對於,"duìyū (對於, 对于)","in regard to, toward, at, for"
以及,"yǐjí (以及, 以及)","conj.: as well as,  along with,  and"
之後,"zhīhòu (之後, 之后)","later, behind, at the back of, after"
可是,"kěshì (可是, 可是)","conj.: but,  yet,  however"
當,"dāng (當, 当)","when, while"
人員,"rényuán (人員, 人员)","strength, personnel, force, staff"
比,"bǐ (比, 比)",compared with
先,"xiān (先, 先)","earlier, in advance, before"
產品,"chǎnpǐn (產品, 产品)","baby, brand, output, product, produce, end product, merchandise, fruitage, growth, manufacture, wares, production"
資訊,"zīxùn (資訊, 资讯)","stuff, message, information, news, info"
資料,"zīliào (資料, 资料)","food, source, info, means, data, information, material, datum, data point, matter"
比較,"bǐjiǎo (比較, 比较)","relatively, fairly"
先生,"xiānshēng (先生, 先生)","doctor of Chinese medicine, Don, mulla, Ms., sir., teacher, gentleman, gospodin, Signor, signor, fortune teller, babu, baboo, Herr, Mister, bey, mister, bwana, husband, siree, buckra, sirrah, senor, guv, sahib, Mr., rabbi, don, signore, Dan, sir, m'sieur, effendi, Tuan, baas, Monsieur, lording, monsieur, doctor, Mr, milord, Mynheer, signior, esquire, bookkeeper, Senor, rabboni, Senhor, sieur, sen"
地,"dì (地, 地)","the earth, land, soil, fields, ground, place, position, background, distance"
除了,"chúle (除了, 除了)","except, besides"
大陸,"dàlù (大陸, 大陆)",Ch. mainland
需要,"xūyào (需要, 需要)","need, want, require, demand"
像,"xiàng (像, 像)",be like
給,"gěi (給, 给)","give, give to"
歲,"suì (歲, 岁)","year for crops , m.[standard], , year of age, year"
請,"qǐng (請, 请)","request, ask a favor , engage, hire"
月,"yuè (月, 月)",moon
些,"xiē (些, 些)",m.[proximation]
名,"míng (名, 名)",m.[general]
另,"lìng (另, 另)",det.: another
若,"ruò (若, 若)","conj.: if, as if"
亦,"yì (亦, 亦)","also, too"
地區,"dìqū (地區, 地区)","section, country, area, latitude, zone, terrain, parts, locality, sector, province, prefecture, region, district, faubourg"
技術,"jìshù (技術, 技术)","mechanics, know how, prowess, science, Minerva, superior skill, art, competence, technology, craft, craftsmanship, skill, education, technique, artistry, engineering, technological, equipment, technical"
至,"zhì (至, 至)","to,  until,  till"
特別,"tèbié (特別, 特别)","unusual, specially"
其實,"qíshí (其實, 其实)","as a matter of fact, actually, in fact"
國際,"guójì (國際, 国际)",international
不要,"búyào (不要, 不要)","never, noway, don't want, don't do sth."
發生,"fāshēng (發生, 发生)","happen, occur, take place"
參加,"cānjiā (參加, 参加)","join, attend, take part in, give advice/etc."
一定,"yīdìng (一定, 一定)",must
其中,"qízhōng (其中, 其中)","among, of them, in it, among them, which, them, det.: it, in, in which"
問,"wèn (問, 问)","ask, examine, question, interrogate"
台北,"táiběi (台北, 台北)","capital of Nationalist China, capital of Republic of China on Taiwan, Taipei"
包括,"bāokuò (包括, 包括)","consist_of, consist of, subtend, embrace, comprise, incorporate, embody, involve, count, subsume, take_in, comprehend, incorporation, include, comprize, run, cover, package, consist in"
講,"jiǎng (講, 讲)","discourse, utter, talk, negotiation, make clear, negotiate, parley, pay attention to, speak, syllable, discuss, explain, tell, be particular about, explanation, interpretation, interpret, relate, discussion, stress, mouth, say, remark, verbalize"
造成,"zàochéng (造成, 造成)","make_for, give rise to, create, set_up, strike, creation, cause, contribute, bring_about, procure, give, bring about, cut_out, necessitate, shape, present, bring_forth, generate, yield, make, breed"
常,"cháng (常, 常)","often, usually, frequently"
即,"jí (即, 即)","at present, in the immediate future, then, promptly, at once"
喜歡,"xǐhuān (喜歡, 喜欢)","like, love, be fond of, be happy/elated"
沒,"méi (沒, 没)",not
出現,"chūxiàn (出現, 出现)","appear, arise, emerge"
政治,"zhèngzhì (政治, 政治)","paternalism, trouble, government, policy, political relation, political science, polity, politics, political affairs, political"
話,"huà (話, 话)","words, thing, language, tongue, talk, speech, spoken_language, conversation, utterance, expression, story, tale, saying, natural language, sayings, word"
走,"zǒu (走, 走)","scram, travel, foot, go away, evaporate, ankle, waltz, step, bugger off, etc., go through, leave, leak, run, buzz off, leg, pad, fork, visit, go, escape, lose flavor, work, call on, strike, sashay, trace, pursue, gang, lose shape/etc., get_along, come_along, walk, hoof it, lose flavor/shape/etc., leg it, let out, shape, drive, cover, take, get, hoof, move"
單位,"dānwèi (單位, 单位)","department, unit, denomination, module, building block, unit of measurement, monad, unit in measurement or organization"
一直,"yīzhí (一直, 一直)","e'er, away, continuously, all the way, right, forever, all_along, always, the whole way, all along, straight, slap, through, ever, evermore"
吧,"ba (吧, 吧)",particle: used to show mild imperative or uncertainty
是否,"shìfǒu (是否, 是否)","whether or not, is it so or not"
當然,"dāngrán (當然, 当然)","certainly, of course"
整,"zhěng (整, 整)",det.: exact
處理,"chǔlǐ (處理, 处理)","handle, deal with, dispose of, process"
歷史,"lìshǐ (歷史, 历史)","past records, historical, history"
了解,"liǎojiě (了解, 了解)","understand, comprehend, find out, acquaint oneself with"
怎麼,"zěnme (怎麼, 怎么)",how
機會,"jīhuì (機會, 机会)","scouth, occasion, good luck, hap, liberty, fortune, opportunity, chance, joss, hazard, happy chance, probability, luck, scope, room, break, turn, opening"
聽,"tīng (聽, 听)","hear, list, hearken, obey, obedience, listen, heed, administer, let, allow, hark"
所有,"suǒyǒu (所有, 所有)",det.: all
只要,"zhǐyào (只要, 只要)","conj.: so long as, provided"
朋友,"péngyǒu (朋友, 朋友)","amigo, connections, kith, friend, boy, crony, ami, boy/girl friend, companion, mate, boy friend or girl friend, compadre, boy friend, Mac, paisano, matey, old_boy, sport, folks, pard, hearty, Kamerad, cocker, cobber, girl friend, pardner, company"
令,"lìng (令, 令)","make, cause"
甚至,"shènzhì (甚至, 甚至)","even to the point of , so much so that"
真,"zhēn (真, 真)","really,  truly,  indeed,  clearly"
六,"liù (六, 六)",det.: six
呀,"ya (呀, 呀)","particle: replacing 啊 when preceding word ends in a,  e,  i,  o,  or y u; used in direct address and exclamation; indicating obviousness/impatience/suggestion; used for confirmation"
情況,"qíngkuàng (情況, 情况)","event, things, state of affairs, circumstantiality, case, circumstances, way, plight, experimental condition, streak, military situation, matter, condition, mood, circumstance, context, occasion, thing, instance, affair, shape, situation, juncture, consideration"
還是,"háishì (還是, 还是)","still, nevertheless"
錢,"qián (錢, 钱)","copper coin, cash, money, fund, sum"
方法,"fāngfǎ (方法, 方法)","know how, plan, attack, system, stepping stone, manner, method, gateway, idea, measure, way, guise, key, wise, quomodo, plan of attack, tack, machinery, process, avenue, modus, how, means, channel, gate, approach, agency, gamesmanship, mode, medium, sort"
點,"diǎn (點, 点)",m.[proximation]
任何,"rènhé (任何, 任何)","aught, det.: any"
經驗,"jīngyàn (經驗, 经验)",experience
藝術,"yìshù (藝術, 艺术)","beaux arts, aesthetical, artistic production, artistic, ars, art, academy, aesthetic, artistic creation, skill, craft, artistry, esthetic"
你們,"nǐmen (你們, 你们)","you, you plural , you"
十,"shí (十, 十)",det.: ten
主要,"zhǔyào (主要, 主要)","main, chief, principal, major"
媽媽,"māmā (媽媽, 妈妈)","mummy, mammy, ma, mother, mamma, mum, mommy, female parent, mom, Mama, mater, mama, momma"
增加,"zēngjiā (增加, 增加)","increase, raise, add"
提出,"tíchū (提出, 提出)","put forward, pose, raise"
為什麼,"wèishéme (為什麼, 为什么)","why, why?, how come, why is it that?, whereat, whereto"
您,"nín (您, 您)",you
計畫,"jìhuà (計畫, 计画)","plan, project, program"
作,"zuò (作, 作)","do, make, rise, write, compose, pretend, affect, feign"
利用,"lìyòng (利用, 利用)","use, utilize, take advantage of, exploit"
東西,"dōngxī (東西, 东西)","thing, creature"
條,"tiáo (條, 条)","bar, item, short note, a long narrow piece, streak, clause, stripe, sth. long and narrow, filet, m.[general], , article, strip, assize, twig, ingot, slip"
設計,"shèjì (設計, 设计)","design, plan"
找,"zhǎo (找, 找)","look for, seek, call on, approach"
之間,"zhījiān (之間, 之间)","among,  between"
成長,"chéngzhǎng (成長, 成长)","grow up, mature"
能夠,"nénggòu (能夠, 能够)","can, able, would, may"
決定,"juédìng (決定, 决定)","decide, resolve, make up one's mind, determine"
學習,"xuéxí (學習, 学习)","study, learn, emulate"
誰,"shéi (誰, 谁)","who, someone, anyone"
見,"jiàn (見, 见)","see, be exposed to, become visible, call on, refer to, meet with, appear to be, appear, vide, catch sight of, meet"
半,"bàn (半, 半)",det.: half
時代,"shídài (時代, 时代)","day, period, a period in one's life, epoch, present time, historical period, time, chapter, period in one's life, modern times, historic period, contemporary world, times, era, modern world, age"
完成,"wánchéng (完成, 完成)","fill in, finish out, fulfil, practice, complete, finish, encompass, clear_up, top_off, cleave, top off, accomplishment, make out, effect, perfective, fulfill, go through, exercise, discharge, fill out, completion, end, run, bring ... to fruition, round_out, achieve, execute, round out, make, cap off, accomplish, practise, follow through, come, finalize, fulfilment, dispatch, bring ..."
帶,"dài (帶, 带)","look after, raise"
相當,"xiāngdāng (相當, 相当)","quite, fairly, considerably"
同學,"tóngxué (同學, 同学)","class fellow, fellow student, condisciple, classmate, schoolmate, schoolfellow, form of address used in speaking to a student"
件,"jiàn (件, 件)","correspondence, paper, document, bit, m.[general], , single item, letter, piece"
能力,"nénglì (能力, 能力)","department, potency, ability, acquisition, acquirement, capacity, performance, oomph, sufficiency, energy, competence, accomplishment, size, might, faculty, hand, coequal, efficiency, inner resources, capability, giftie, attainment, capableness, zip, skill, competency, power"
別人,"biérén (別人, 别人)","others, other people, another person"
生命,"shēngmìng (生命, 生命)","breath, god, head, anima, days, organism, blood, life, living thing, skin, longevity, being, vital, life form"
場,"cháng (場, 场)",m.[event]
會議,"huìyì (會議, 会议)","synod, moot, conference, board, convocation, soviet, congress, talks, indaba, negotiation, junta, group discussion, convention, meeting place, session, council, rendezvous, colloquy, coming together, powwow, seance, meeting, forum, consultation, roll up, get together, assembly"
容易,"róngyì (容易, 容易)",easy
開發,"kāifā (開發, 开发)","develop, open up, exploit"
民眾,"mínzhòng (民眾, 民众)","civil, crowd, masses, populace, rank_and_file, the masses, the masses of the people, the populace, demos, mob, multitude, plebs, commons, the common people, the people, million, public"
事情,"shìqíng (事情, 事情)","proposition, pie, shebang, thing, affair, occasions, undertaking, concern, question, business, schmear, matter"
書,"shū (書, 书)","volume, document, style of calligraphy, book, script, letter"
事實,"shìshí (事實, 事实)","mood, circumstance, fact, factual, reality, verity, case, deed, sooth, troth, actuality, truth, matter, matter of fact"
有關,"yǒuguān (有關, 有关)",be related
自,"zì (自, 自)","from, since"
組織,"zǔzhī (組織, 组织)","tissue, nerve, weave, organization, organized system"
言,"yán (言, 言)","say, talk, speak"
愛,"ài (愛, 爱)","love, like, be fond of, be keen on, cherish, be apt to"
建立,"jiànlì (建立, 建立)","establish, set up, found"
相關,"xiāngguān (相關, 相关)","cognate, relational, interrelate, associated, be interrelated, relevant, related, be mutually related"
均,"jūn (均, 均)","without exception, all"
產生,"chǎnshēng (產生, 产生)","come into being, produce, engender, emerge"
業者,"yèzhě (業者, 业者)","dealer, interest"
解決,"jiějué (解決, 解决)","solve, resolve, settle, dispose of, finish off"
完全,"wánquán (完全, 完全)","completely, fully, wholly, absolutely"
的話,"dehuà (的話, 的话)",conj.: if
接受,"jiēshòu (接受, 接受)","receive honors, have, receive, acknowledge, sweep up, espouse, etc. , come to grips, adopt, embrace, greet, welcome, hook on, seize on, take up, accede, taken, entertain, latch on, buy, fasten on, swallow, imbibe, accept, receive"
知,"zhī (知, 知)","tell, notify, inform, be expert in, know, sense, be aware of, administration, notification, administer, be in charge of, realize"
約,"yuē (約, 约)","about, around"
建築,"jiànzhù, jiànzhú (建築, 建筑)","building, structure, edifice, architecture"
一般,"yībān (一般, 一般)","general, ordinary, common"
推動,"tuīdòng (推動, 推动)","push forward, promote"
過程,"guòchéng (過程, 过程)","unconscious process, mechanism, process, act, round, course"
管理,"guǎnlǐ (管理, 管理)","manage, supervise, take care of"
功能,"gōngnéng (功能, 功能)","functional, niche, function, competence, capacity, anatomy"
手,"shǒu (手, 手)",hand
打,"dǎ (打, 打)","generalized verb of doing with specific meaning determined by its object, strike, hit, fight, construct, forge, mix"
水,"shuǐ (水, 水)","water, H2O, liquid, bubble, a general term for rivers,  lakes,  seas,  etc., Shiu, waters, aqueous, Aquarius, river, Surname, blister, drink, eau, aqua"
要求,"yāoqiú (要求, 要求)","request, demand"
小朋友,"xiǎopéngyǒu (小朋友, 小朋友)","child adult address to child , little boy, children, little boy/girl, girl, little girl, little boy or girl, child"
教授,"jiàoshòu (教授, 教授)",professor
難,"nán (難, 难)","make difficulties, take to task, put ... into a difficult position, disagreeable, make difficult, unpleasant, hard, difficult, troublesome, blame"
我國,"wǒguó (我國, 我国)",our country
告訴,"gàosù (告訴, 告诉)","tell, preach, notify, impart, inform, represent, apprize, send word, share, advise, give notice, apprise, assure, let know"
內容,"nèiróng (內容, 内容)","subject_matter, content, cognitive content, internal, contents, mental object, meat, substance, matter, lining"
結果,"jiéguǒ (結果, 结果)","result, outcome, consequence"
調查,"diàochá (調查, 调查)","investigate, look into, survey"
家庭,"jiātíng (家庭, 家庭)","hearthstone, background, fireside, establishment, household, hearth, domestic, hearthside, menage, home, family unit, family, house"
成立,"chénglì (成立, 成立)","found, establish, be tenable, hold water"
選擇,"xuǎnzé (選擇, 选择)","select, opt"
經營,"jīngyíng (經營, 经营)","manage, run, engage in"
然而,"ránér (然而, 然而)","conj.: even so, but"
父母,"fùmǔ (父母, 父母)","parental, parents, father and mother, folks"
寫,"xiě (寫, 写)","description, bewrite, direct, describe, pencil, draw, paint, inscribe, write, depiction, write_out, throw_off, depict, address, author, screeve, word, compose"
人類,"rénlèi (人類, 人类)","man, wight, human_being, human, human race, mankind, individual, human species, Homo_sapiens, populace, creature, hominid, world, mortality, microcosm, humans, humanitarianism, humanity, humanness, human beings/species, people, species, humankind, human beings, public, mortal"
至於,"zhìyū (至於, 至于)",as for/to
買,"mǎi (買, 买)","pick up, invest, hire, buy, purchase, put_down, trade, get"
尤其,"yóují (尤其, 尤其)",especially
配合,"pèihé (配合, 配合)","coordinate,  cooperate"
進入,"jìnrù (進入, 进入)","go_into, get_in, debouch, get in, go into, move into, come_into, pass, step_in, lapse, get_into, set in, go in, get into, kick in, penetrate, intromission, pierce, come_in, come in, enter, entry, sink, impenetrate"
例如,"lìrú (例如, 例如)","for instance/example, e.g., such as"
得,"děi (得, 得)","should be, need"
討論,"tǎolùn (討論, 讨论)","to discuss, to take something up with someone, to talk about"
依,"yī (依, 依)","according to, judging by"
作品,"zuòpǐn (作品, 作品)","writing, musical composition, whole kit and caboodle, works of literature, artwork, kit and caboodle, product, whole works, creation, full treatment, kit and boodle, whole kit and boodle, works of literature/art"
情形,"qíngxíng (情形, 情形)","circumstance, trimness, event, trim, instance, state of affairs, case, circumstances, status, situation, condition"
資源,"zīyuán (資源, 资源)","resource, natural resources, mine, resources"
原因,"yuányīn (原因, 原因)","origin, causation, reason, wherefore, causal, breeder, spore, cause, causal agent, whence, causal agency, occasion, root, subject, causality, why, starter"
啦,"lā (啦, 啦)",particle: used when informing sb. of st.; indicating excitement/doubt/comfort/etc.
妳,"nǐ (妳, 妳)",you female
運動,"yùndòng (運動, 运动)","sports, athletics, exercise, movement, campaign"
觀念,"guānniàn (觀念, 观念)","conception, intension, theory, philosophy, idolum, connotation, idea, sense, presentation, notion, concept, construct, intellection, presentment, thought, notional, conceit"
軟體,"ruǎntǐ (軟體, 软体)",software
品質,"pǐnzhí (品質, 品质)","calibre, appraisal, caliber, character, self, intrinsic, brew, quality, timber, sort"
經過,"jīngguò (經過, 经过)","pass, go through, undergo"
如此,"rúcǐ (如此, 如此)","thus, like this, such"
嗯,"ēn (嗯, 嗯)","O.K., How come, Huh, What, Why, Agreed!, well, um"
精神,"jīngshén (精神, 精神)","god, guts, heart, pneuma, consciousness, vigor, life, energy, vim, courage, esprit, moral, get up and"
影響,"yǐngxiǎng (影響, 影响)",influence
之,"zhī (之, 之)","it,  him,  her,  this"
好像,"hǎoxiàng (好像, 好像)","seem, be like"
成,"chéng (成, 成)","become, turn into"
參與,"cānyū (參與, 参与)",participate in
以後,"yǐhòu (以後, 以后)","afterwards, later, future, in the future, hereafter"
於是,"yūshì (於是, 于是)","conj.: thereupon, hence, consequently, as a result"
部分,"bùfèn (部分, 部分)","partial, department, section, partialness, slice, pars, part, det.: part, percent, partage, sphere, component, divvy, segment, portion, fraction, sector, chapter, share, percentage, piece, division, sectional, parcel"
另外,"lìngwài (另外, 另外)","conj.: in addition,  besides,  moreover"
公園,"gōngyuán (公園, 公园)","common, green, garden, commons, park"
透過,"tòuguò (透過, 透过)",via
訓練,"xùnliàn (訓練, 训练)",training
努力,"nǔlì (努力, 努力)","make great effort, try hard"
具有,"jùyǒu (具有, 具有)","be provided with, have, have got, possess, hold, possession, carry, inhere, bear"
共同,"gòngtóng (共同, 共同)","common, joint"
所謂,"suǒwèi (所謂, 所谓)",so called
行為,"xíngwéi (行為, 行为)","fact, demeanor, form, deportment, dealing, behavior, doings, course, act, point, goings on, demeanour, procedure, lapse, going, bearing, turn, behaviour, activity, ongoing, thing, human action, conduct, commitment, human activity, behavioral, agency, deed, comportment, action"
合作,"hézuò (合作, 合作)","cooperate, collaborate, work together"
經,"jīng (經, 经)","as a result of, through, after"
目標,"mùbiāo (目標, 目标)","polestar, objective, goal, bourn, object, meaning, aim, end point, target, cause, landmark, butt, lodestar, bull's eye, mark, tee, cynosure, end, bell ringer, loadstar, quaesitum, destination"
起來,"qǐlái (起來, 起来)",[aspect]
考慮,"kǎolù (考慮, 考虑)","think over, consider"
長,"cháng (長, 长)","long, be strong/good in/at"
意見,"yìjiàn (意見, 意见)","latitude, point_of_view, estimation, sight, conceit, verdict, hypothesis, attitude, estimate, possibility, judgement, appraisal, ground, slant, differing opinion, ruling, complaint, thinking, suggestion, comment, advisement, mind, apprehension, say, vote, impression, deliverance, view, understanding, feeling, idea, notion, sentiment, judgment, advice, current, opinion, advert, theory, v"
辦法,"bànfǎ (辦法, 办法)","road, expedient, policy, agency, measure, way, method, means"
音樂,"yīnyuè (音樂, 音乐)",music
連,"lián (連, 连)",conj.: including
受,"shòu (受, 受)",passive signifier
廠商,"chǎngshāng (廠商, 厂商)","factory owner, factories and stores, firm, maker, business organization, business concern, manufacturing business, concern, manufacturer, business"
隻,"zhī (隻, 只)",m.[general]
受到,"shòudào (受到, 受到)","experience, receive, come in for, suffer, undergo, come_in_for, be given, come_to, be subjected to"
一切,"yīqiè (一切, 一切)","det.: everything,  every"
或是,"huòshì (或是, 或是)","conj.: or, perhaps"
中央,"zhōngyāng (中央, 中央)",central authorities of state/party/etc.
某,"mǒu (某, 某)","det.: some, certain"
女性,"nǔxìng (女性, 女性)","lady, female sex, womankind, feminie, female, sex, petticoat, femininity, female person, woman, she, patroness, womanhood, fair, feminine"
教學,"jiāoxué (教學, 教学)",teach and study
極,"jí (極, 极)","extraordinary, unusual, special, very, extremely, highly"
獲得,"huòdé (獲得, 获得)","find, cop, acquirement, come_into, gain, draw, pick_up, pull, achievement, score, procure, come_by, get hold, purchase, nab, come upon, derive, latch, incur, achieve, make, bring, receive, arrive, come_out, pocket, obtain, luck into, sack, win, enter upon, pick up, garner, harvest, attain, come up, line up, extract, secure, possess, earn, reap, accrue, cover, take, acquire, get, arrive_at"
真的,"zhēnde (真的, 真的)","really, truly, indeed"
路,"lù (路, 路)","road, path, way, journey, distance, means, sequence, logic, line, region, district, route, sort, grade, class"
快,"kuài (快, 快)","fast, quick, quick witted, ingenious, sharp of knives"
國小,"guóxiǎo (國小, 国小)","primary/elementary school, primary school"
部份,"bùfèn (部份, 部份)","composition, segment, section, side, portion, slice, proportion, part, det.: part, share, component, division, phase, place, piece"
工程,"gōngchéng (工程, 工程)","process, construction, engineering, engineering project, project"
女人,"nǔrén (女人, 女人)","jade, crumpet, female, female person, Gill, bitch, chick, fair, squaw, womenfolk, adult female, doll, momma, wench, skirt, womankind, girl, jill, wife, broad, petticoat, sister, woman, bimbo, bird, jane, she, hen, hairpin, dame, women"
舉行,"jǔxíng (舉行, 举行)",hold meeting/etc.
句,"jù (句, 句)","sentence, m.[general],"
只是,"zhǐshì (只是, 只是)","merely, only, just, simply be"
段,"duàn (段, 段)",m.[general]
根據,"gēnjù (根據, 根据)","on the basis of, according to"
現象,"xiànxiàng (現象, 现象)","phenomenon, phenomenal, appearance"
人民,"rénmín (人民, 人民)","multitude, citizen, quarter, Volk, hoi polloi, subject, people, nationals, masses, the people, mass, demotic"
土地,"tǔdì (土地, 土地)","country, acre, terra, soil, premise, realm, territory, dirt, local god of the land, farming, earth, ground, kingdom, holding, agrarian, solid ground, benefice, esplees, tract, village god, glebe, terra firma, land, dry land"
面對,"miànduì (面對, 面对)","face up, stand up, face, look_out_on, confront, front, affront, envisage, accost, breast"
注意,"zhùyì (注意, 注意)","pay attention to, take note of"
這裡,"zhèlǐ (這裡, 这里)","this place, there, here"
新聞,"xīnwén (新聞, 新闻)","unco, leak, intelligence, newsworthiness, witting, journalistic, information, journalism, courant, news"
繼續,"jìxù (繼續, 继续)","go, resume, keep_on, abide, come on, persist in, extend, run_on, run on, carry_on, stretch, sustain, pursue, keep going, continuance, get_along, get_on, remain, continue, keep_up, go ahead, keep up, come up, continuation, hold, carry, run, go_on, maintain, go on, bide, plow ahead, hold_on, piece, restart"
相信,"xiāngxìn (相信, 相信)","deem, believe, credit, esteem, accredit, feel, trow, count, have faith in, guess, lippen, buy, be convinced of, hold, think, trust, accept, know, hone, believe_in, favour, believe in, hope"
政策,"zhèngcè (政策, 政策)","statism, tack, line, policy, statecraft"
變成,"biànchéng (變成, 变成)","grow_into, change into, go, form, grow into, change state, develop into, turn to, fall, turn_into, be, turn, become, turn into, grow, run, get"
計劃,"jìhuà (計劃, 计划)","plan, project, program"
強調,"qiángdiào (強調, 强调)","underscore, spotlight, place emphasis on, point_up, highlight, point, point up, enforce, emphasise, urge, underline, overstress, give emphasis to, play up, keynote, insist, punctuate, accent, betone, foreground, emphasize, emphatic, stress, set off, overemphasize, accentuate, bring out"
學,"xué (學, 学)","study, learn, imitate, mimic"
人士,"rénshì (人士, 人士)","public figure, personage"
前,"qián (前, 前)",front
存在,"cúnzài (存在, 存在)","exist, be"
制度,"zhìdù (制度, 制度)","ism, organization, dispensation, regimen, machine, regulations, form, system, regime, organisation, economy, institutional, institution"
意義,"yìyì (意義, 意义)","importance, significance, denotation, purport, drift, signality, emptiness, meaning, construction, bearing, substance, import, effect, insignificancy, hang, signification, sense"
代表,"dàibiǎo (代表, 代表)","representative, delegate"
課程,"kèchéng (課程, 课程)","course of instruction, lesson, course, course of lectures, course of study, curricular, class, curricula, syllabus, curriculum, program"
需求,"xūqiú (需求, 需求)","need, requisition, demand, want, desiderative, requirement, call"
人生,"rénshēng (人生, 人生)","lifetime, life, lifespan, human life, time of life"
那些,"nǎxiē (那些, 那些)",det.: those
成功,"chénggōng (成功, 成功)",succeed
爸爸,"bàbà (爸爸, 爸爸)","old man, father, papa, pappa, daddy, pa, begetter, pop, dada, dad, male parent, pater, pappy, pops, poppa"
產業,"chǎnyè (產業, 产业)","estate, manufacture, industry, domain, manufacturing, property"
負責,"fùzé (負責, 负责)","preside, be responsible for, see, entail, sponsor, be in charge of, blame, answer, undertake, liable, respond"
民間,"mínjiān (民間, 民间)","grass roots, people to people, nongovernmental, among the people, folk, popular"
雖,"suī (雖, 虽)","conj.: though, although, even if"
直接,"zhíjiē (直接, 直接)","direct, immediate"
幾乎,"jīhū (幾乎, 几乎)","chiefly, anear, about, near, just_about, most, well nigh, almost, closely, practically, intimately, all but, nearly, just about, virtually, much, nigh"
分,"fèn (分, 分)",m.[general]
實際,"shíjì (實際, 实际)","practical, literal"
團體,"tuántǐ (團體, 团体)","fraternity, sect, phalanx, collective, body, group, sodality, element, organisation, corporation, confession, college, establishment, brotherhood, community, organization, squad, union, administration, society, army, commonwealth, consort, company, lineup, combine, governance, clan, combination, fellowship, organizational, bloc, team, party, connection, family, brass, squadron"
價值,"jiàzhí (價值, 价值)","value, worth"
使得,"shǐdé (使得, 使得)","render, wreck, compel, cause, make"
類,"lèi (類, 类)",m.[kind]
形成,"xíngchéng (形成, 形成)","take shape, form"
科技,"kējì (科技, 科技)","technology, tech, engineering science, applied science, science and technology, technological, engineering"
這麼,"zhèmo (這麼, 这么)","so, such, this way, like this"
七,"qī (七, 七)",det.: seven
不但,"búdàn (不但, 不但)",conj.: not only
往,"wǎng (往, 往)",go toward
本身,"běnshēn (本身, 本身)","per se, self, oneself, identity, itself"
標準,"biāozhǔn (標準, 标准)","standard, criterion"
似乎,"sìhū (似乎, 似乎)","it seems, quasi, apparently, seemingly, as if"
應用,"yìngyòng (應用, 应用)","application, use"
或者,"huòzhě (或者, 或者)","conj.: or, either...or..."
動物,"dòngwù (動物, 动物)","thing, critter, crittur, zoic, anthropomorphism, animal, deer, animate being, beast, creature, burrow, sire, worker, fauna, brute"
電話,"diànhuà (電話, 电话)","blower, phone call, headphone, earpiece, telephone, telephone_call, buzz, earphone, horn, telephone set, phone_call, telephony, phone"
態度,"tàidù (態度, 态度)","stance, treatment, demeanor, dealing, deportment, pose, behavior, manner, demeanour, way, bearing, attitude, air, behaviour, front, mien, conduct, mental attitude, approach, posture, address, position, bedside_manner, movement, gesture, comportment, presence, sort"
建設,"jiànshè (建設, 建设)",construction
事業,"shìyè (事業, 事业)","proposition, task, pidgin, institution, undertaking, deed, facilities, life history, endeavour, endeavor, cause, career, project, action, enterprise"
老,"lǎo (老, 老)","old, aged;of long standing, outdated, tough, overgrown, dark of colors"
那麼,"nàmo (那麼, 那么)",so
常常,"chángcháng (常常, 常常)","oftentimes, ofttimes, commonly, ordinarily, oft, often, a great deal, normally, frequently, unremarkably, much, usually"
字,"zì (字, 字)","graphic symbol, writing, pronunciation of a word , form of a written character, receipt, printing type, script, name taken at the age of 20, courtesy name, wordage, character, grapheme, contract, scripts, symbolic representation, style of handwriting, word"
坐,"zuò (坐, 坐)","sit, take seat"
舉辦,"jǔbàn (舉辦, 举办)","conduct, hold, run"
自我,"zìwǒ (自我, 自我)","self, oneself"
有的,"yǒude (有的, 有的)",det : some
具,"jù (具, 具)","possess, have, provide, furnish"
目的,"mùdì (目的, 目的)","view, pretence, objective, goal, purport, intention, bourn, object, motive, motivation, meaning, aim, end point, hent, target, scope, sense of purpose, errand, purposefulness, sake, function, end, purpose, quaesitum, intent"
塊,"kuài (塊, 块)",m.[general]
條件,"tiáojiàn (條件, 条件)","mood, formula, conditional, precondition, prerequisite, requisition, factor, qualification, requirement, stipulation, proviso, circumstances, provision, term, reservation, if, condition"
即使,"jíshǐ (即使, 即使)","conj.: even,  even if/though"
十分,"shífēn (十分, 十分)","very,  fully,  utterly,  extremely"
多少,"duōshǎo (多少, 多少)","det.: how many, how much, many"
放,"fàng (放, 放)","loose, bloom, make longer, set ... free, let sb. have his own way, show, readjust, free, make larger, put in, fly, etc., release, discharge, leave alone, bung, lay aside, put, expansion, make longer/larger/etc., fling, localize, lend money at interest, let go, set, pasture, pose, set free, blossom, lay, let off, put out to pasture, send away, play, expand, make larger/etc., readjus"
電影,"diànyǐng (電影, 电影)","cinematography, moving_picture, pix, kinema, picture, film, movie, moving picture, flick, cinema, motion_picture, cinematic, celluloid, picture show, motion picture, flicker"
科學,"kēxué (科學, 科学)","ology, scientific, science, scientific knowledge"
執行,"zhíxíng (執行, 执行)","carry out, execute"
邊,"biān (邊, 边)","border, boundary"
委員會,"wěiyuánhuì (委員會, 委员会)","board, soviet, commission, committee, court, citizens committee, mission, delegacy, deputation, delegation, council"
溝通,"gōutōng (溝通, 沟通)","communicate, link up"
開,"kāi (開, 开)","open, open up, reclaim land , open out, come loose, start, begin, operate, turn on"
一起,"yīqǐ (一起, 一起)","in_chorus, together, in all, in the same place, holus bolus, altogether, in company"
張,"zhāng (張, 张)",m.[general]
針對,"zhēnduì (針對, 针对)","in the light of, in connection with"
員工,"yuángōng (員工, 员工)","employee, personnel, reason, force, staff, cause"
引起,"yǐnqǐ (引起, 引起)","elicit, beget, causation, give rise to, incite, pique, engender, bring_on, trigger, fire, compel, kick_up, superindividual, draw, spawn, invite, touch_off, occasion, lead, bring_about, procure, touch off, raise, enkindle, give, poke, produce, capture, generate, stir, arouse, excite, put forward, provoke, breed, bring, conjure up, grip, create, kindle, tempt, set_up, interest, give rise, enga"
自然,"zìrán (自然, 自然)",natural world
安全,"ānquán (安全, 安全)","safe, secure"
總統,"zǒngtǒng (總統, 总统)",president of a republic
此外,"cǐwài (此外, 此外)","conj.: besides, in addition, moreover"
擁有,"yǒngyǒu (擁有, 拥有)","occupy, have, receive, aught, hold back, keep, keep back, owe, retain, own, possess, possession, hold, seize, take, acquire, corral, hold on"
並且,"bìngqiě (並且, 并且)","conj.: and, besides, moreover"
事件,"shìjiàn (事件, 事件)","fact, event, page, incidental, go, case, job, natural event, timing, proceedings, social occasion, happening, occurrence, matter, occasion, incident, shebang, affair, chapter, concernment"
研究所,"yánjiùsuǒ (研究所, 研究所)","graduate_school, research institute, school, laboratory, graduate school, institute"
語言,"yǔyán (語言, 语言)","linguistic communication, lingual, language, idiom, tongue, oral communication, speech, perspicuity, lingo, contumely, Fortran, parole, natural language, spoken language, linguistic process"
嚴重,"yánzhòng (嚴重, 严重)","serious, significant, acute, critical, severe, grave"
故事,"gùshì (故事, 故事)","spiel, recital, relation, scam, rede, plot, yarn, narration, story, fiction, tale, history, legend, narrative"
學術,"xuéshù (學術, 学术)","ology, academic, systematic learning, science, learning"
片,"piàn (片, 片)",m.[general]
設備,"shèbèi (設備, 设备)","installation, set, device, appointment, plant, fixing, system, appliance, fixture, fitting, accommodation, fitment, finishing, unit, furnishings, materiel, contrivance, paraphernalia, facilities, rig, equipage, setout, facility, fixings, equipment"
之外,"zhīwài (之外, 之外)","beyond,  apart from,  excluding"
車,"chē (車, 车)",vehicle
基本,"jīběn (基本, 基本)","fundamental, essential, main"
實在,"shízài (實在, 实在)","indeed, really, honestly, in fact, as a matter of fact"
久,"jiǔ (久, 久)","for long time, of specified duration"
套,"tào (套, 套)",m.[general]
達到,"dádào (達到, 达到)","extend to, find, fulfil, compass, encompass, extend, gain, answer, achievement, succeed, fulfill, live_up_to, attainment, strain, bring_up, achieve, get to, touch, strive, make, accomplish, progress to, come, hit, come_out, obtain, reach, attain, clock_up, suffice, do, get, arrive_at"
改善,"gǎishàn (改善, 改善)","improve, perfect"
死,"sǐ (死, 死)",die
結構,"jiégòu (結構, 结构)","constitution, configuration, framing, structural, design, underframe, framework, construction, structure, schematism, economy, fabric, mechanics, composition, machinery, contexture, texture, constellation, fable, ordonnance, skeleton, organization, frame, architecture, chemistry, make"
住,"zhù (住, 住)","inhabit, cease, stay, visit, shack, dwell, stop, people, live, reside, populate, dig"
皆,"jiē (皆, 皆)","all, everyone"
改變,"gǎibiàn (改變, 改变)","change, transform"
拿,"ná (拿, 拿)","take, hold, seize, capture"
小組,"xiǎozǔ (小組, 小组)","squad, section, unit, group"
支持,"zhīchí (支持, 支持)","sustain, hold out, bear;support, back, stand by"
座,"zuò (座, 座)","fare, stand, base, constellation, footstall, pedestal, m.[general], , customer, Aquarius, seating, plinth, place, seat"
醫院,"yīyuàn (醫院, 医院)","spital, hospital, infirmary, hospice"
既,"jì (既, 既)",conj.: since...then
僅,"jǐn (僅, 仅)","scantily, simply, alone, merely, barely, only, but, just"
值得,"zhíde (值得, 值得)","be worth, merit, pay, rate, behove, worthwhile, worth, worthy, deserve, call_for, command"
學者,"xuézhě (學者, 学者)","academic, literate, pandit, letters, litterateur, learned person, literati, philomath, pundit, academician, faculty member, scholar, bookman, clerk, student, scholarly person, man of letters, man of learning, speleologist, doctor, clerisy, initiate, swami, punditry, savant, learned man, sophist"
八,"bā (八, 八)",det.: eight
交通,"jiāotōng (交通, 交通)","intercourse, commutation, transportation, communication, commuting, traffic, traffic_light, liaison man, communications, dealings, liaison"
階段,"jiēduàn (階段, 阶段)","staged, period, phase angle, stage, gradation, level, peg, grade, remove, phase, leg, step"
就是,"jiùshì (就是, 就是)","conj.: even if, even"
申請,"shēnqǐng (申請, 申请)",apply for
主管,"zhǔguǎn (主管, 主管)",person in charge
同,"tóng (同, 同)","det.: simialr, same"
感覺,"gǎnjué (感覺, 感觉)","sense perception, feeling"
電視,"diànshì (電視, 电视)","TV, box, iconoscope, video, television set, teevee, orthicon, huckster, TV set, radiovision, television, telecasting, airwave, telly"
母親,"mǔqīn (母親, 母亲)","venter, materfamilias, mother, mither, sultana, maternal, female parent, mater"
嘛,"má (嘛, 嘛)",particle: used to persuade someone to do something; used to emphasize the obvious
香港,"xiānggǎng (香港, 香港)",Hong Kong
記者,"jìzhě (記者, 记者)","journalist, writer, correspondent, newspaperwoman, newspaperman, gazetteer, newswriter, reporter, pressman, newshound, newsman, newsperson"
壓力,"yālì (壓力, 压力)","force per unit area, P, strain, overwhelming force, pressure sensation, burdensomeness, oppressiveness, pressure, onerousness, stress, compulsion, constraint, muscle, lading"
快樂,"kuàilè (快樂, 快乐)","happy, cheerful"
喝,"hē (喝, 喝)",drink
敢,"gǎn (敢, 敢)","dare, make bold, have courage to, be sure, have confidence to, venture, have the confidence to, be certain"
院,"yuàn (院, 院)","public facility, college, courtyard, designation for certain government offices and pub, hospital, clinic, branch of government, university, institutes, compound, abbey, academy, institute, yard, educational institution, faculty"
也許,"yěxǔ (也許, 也许)","possibly, peradventure, conceivably, assumedly, mayhap, doubtless, ablings, perhaps, perchance, potentially, probably, maybe, presumably, ablins, just"
人們,"rénmen (人們, 人们)","workforce, hands, work force, folk, people, they, the people, men, manpower, common people"
談,"tán (談, 谈)","talk, chat"
生產,"shēngchǎn (生產, 生产)","produce, manufacture"
怕,"pà (怕, 怕)","I'm afraid, dread, funk, I suppose, be afraid of, fear"
身體,"shēntǐ (身體, 身体)","soma, system, physical structure, body, health, carcase, corpus, frame, person, somatic, organic structure, personage"
規定,"guīdìng (規定, 规定)","rules, disciplines, regulations"
程度,"chéngdù (程度, 程度)","latitude, rate, degree, point, measure, way, grade, gree, pitch, cut, length, plane, stage, level, extent, scale, notch"
積極,"jījí (積極, 积极)","positive, active, energetic, vigorous"
知識,"zhīshì (知識, 知识)","lear, know how, understanding, ken, instruction, science, sophistication, consciousness, light, awareness, cognizance, knowledge, lore, mastery, know, cognition, acquaintanceship, mind, intellect, knowingness, equipment"
作為,"zuòwéi (作為, 作为)","regard as, look on as, take for"
機構,"jīgòu (機構, 机构)","internal structure of an organization, motion, gadget, instrumentality, institute, organ, mechanism, gear, representation, mechanics, machinery, apparatus, establishment, institution, means, organization, agency, setup, delegacy, outfit"
而是,"érshì (而是, 而是)","conj.: if not A,  then B"
鼓勵,"gǔlì (鼓勵, 鼓励)","encourage, urge"
角色,"jiǎosè (角色, 角色)","theatrical role, character, persona, part, function, office, fictional character, actor, fictitious character, personage, role"
狀況,"zhuàngkuàng (狀況, 状况)","repair, background, picture, state of affairs , state of affairs, status, gear, scene, setting, scope, condition, state, circumstance, trimness, context, showing, trim, factor, condition/state"
專家,"zhuānjiā (專家, 专家)","guru, pundit, adept, expertise, professional person, specializer, specialist, proficient, whiz, oner, expert, swami, savant, dab, professional, authority, stunner, technician"
據,"jù (據, 据)","according to, on the grounds of"
清楚,"qīngchǔ (清楚, 清楚)",clear
不僅,"bùjǐn (不僅, 不仅)",conj.: not only
比賽,"bǐsài (比賽, 比赛)","match, competition"
玩,"wán (玩, 玩)","amuse oneself, treat lightly, have fun, resort to, enjoy, appreciate, play, toy, trifle with, employ, disport, shoot, amuse onself"
效果,"xiàoguǒ (效果, 效果)","operation, execution, result, effect, background, sound effects, purpose, point, background signal, fruitage, outcome, force, punch"
越,"yuè (越, 越)",~A~B the more A the more B
保護,"bǎohù (保護, 保护)","protect, safeguard"
共,"gòng (共, 共)","totally, together, in all, in company, altogether"
開放,"kāifàng (開放, 开放)","lift a ban/etc., be turned on, be in operation"
附近,"fùjìn (附近, 附近)","neighborship, neighborhood, precinct, vicinity, neighbourhood"
父親,"fùqīn (父親, 父亲)","parent, father, pere, Pa, begetter, governor, abba, male parent, pater, guv"
專業,"zhuānyè (專業, 专业)",professional
經費,"jīngfèi (經費, 经费)","finances, monetary resource, expenses, expense, expenditure, pecuniary resource, fund, outlay, funds, outgo, cash in hand"
曾經,"céngjīng (曾經, 曾经)","in one case, , one time, formerly, syne, at one time, of all time, once, ever"
願意,"yuànyì (願意, 愿意)","will, be willing, please, wish, like, care"
分別,"fēnbié (分別, 分别)","separately, respectively"
重視,"zhòngshì (重視, 重视)","attach importance to, take sth. seriously, value"
不少,"bùshǎo (不少, 不少)",det.: a lot of
歡迎,"huānyíng (歡迎, 欢迎)","invite, greet, take in, receive, welcome, gratulate, embrace, salute"
小孩,"xiǎohái (小孩, 小孩)","kid, tyke, encumbrance, kinchin, youngster, wean, small fry, chick, juvenile, imp, urchin, minor, nestling, prattler, tike, kiddie, tot, fry, bud, mammet, pinafore, nipper, enfant, mite, bairn, chicken, shaver, child, chit, kiddy, infant, tiddler, sprig"
小時,"xiǎoshí (小時, 小时)",hour
中國人,"zhōngguórén (中國人, 中国人)","Chink, Chinee, Chinese, Chow, chow, John, a Chinese"
顯示,"xiǎnshì (顯示, 显示)","demonstrate, argue, exhibit, prove, display, show, illustrate, manifest, demonstration, announce, stamp, unroll, witness, write, give, evince, dangle, betray, bespeak, say, profess, develop, indicate, signal, flaunt, read, register, manifestation, speak, reveal, evidence, tell, shew, proclaim, discover, stage, bear, establish, record, prognosticate, betoken, note, signalize"
中共,"zhōnggòng (中共, 中共)",Chinese Communist Party
出,"chū (出, 出)","produce, turn out, arise, happen"
男人,"nánrén (男人, 男人)","male, man, chap, mankind, buck, bastard, gentleman, jack, gent, men, blighter, cuss, hombre, lad, adult male, groom, husband, bimbo, dog, fellow, mon, menfolk, fella"
避免,"bìmiǎn (避免, 避免)","forbear, preclude, refrain_from, forebear, escape, help, elude, leapfrog, refrain from, stave_off, evite, shun, obviate, avoid, evade, waive, help oneself, ward_off, ward, miss, avert, ward off, balk, refrain"
屬於,"shǔyū (屬於, 属于)","fall under, be part of, pertain, appertain, belong, relegate, fall into, belong_to, fall_under, reside, belong to, attach"
實施,"shíshī (實施, 实施)","put into effect, implement"
聲音,"shēngyīn (聲音, 声音)","voice, vocal, language, huskiness, vox, vocalization, audio, noise, sonic, tone, sound, phone, audio frequency"
主義,"zhǔyì (主義, 主义)","tenet, principle, hang, system, ticket, creed, philosophy, school of thought, evangel, ism, gospel, masonry, maxim, doctrine,  ism"
行動,"xíngdòng (行動, 行动)","action, operation"
不可,"bùkě (不可, 不可)","cannot, should not, must not"
只有,"zhǐyǒu (只有, 只有)","can only, have no choice but, to be forced to"
校園,"xiàoyuán (校園, 校园)","schoolyard, campus"
興趣,"xìngqù (興趣, 兴趣)","relish, appetite, zestfulness, dish, cup of tea, pastime, hobby, interest, gusto, bag, avocation, zest"
山,"shān (山, 山)","Shan, jebel, pike, mountain, whitethorn, hump, anything resembling a mountain, gable, kop, chimney, hill, Surname, mount"
表現,"biǎoxiàn (表現, 表现)","manifestation, expression"
回來,"huílái (回來, 回来)","come back, get_back, recur, revisit, come, return, be back, come_back"
主任,"zhǔrèn (主任, 主任)","head, principal, captain, chair, director, head teacher, chief, chairman, school principal"
裡面,"lǐmiàn (裡面, 里面)","inside, interior"
經常,"jīngcháng (經常, 经常)","everyday, daily, alway, often, a great deal, frequently, sempre, much, regularly, constantly, evermore, day to day"
不再,"búzài (不再, 不再)",no more/longer
電子,"diànzǐ (電子, 电子)",electron
思想,"sīxiǎng (思想, 思想)","cogitation, mentation, imagery, imaging, lunatic_fringe, mental imagery, idea, thinking, imagination, ideology, thought, pensee, ideological"
頭,"tóu (頭, 头)","head, hair style , top/end of sth., chief"
終於,"zhōngyū (終於, 终于)","in the last analysis, at long last, at last, lastly, ultimately, all things considered, out, on the whole, at_last, eventually, in the final analysis, finally"
謝謝,"xièxiè (謝謝, 谢谢)",thank
協助,"xiézhù (協助, 协助)","assist, help"
除,"chú (除, 除)",except
當地,"dāngdì (當地, 当地)","locality, the place named/mentioned/etc."
正式,"zhèngshì (正式, 正式)",formal of actions/speeches/etc.
真正,"zhēnzhèng (真正, 真正)","true, indeed, certainty"
低,"dī (低, 低)","let droop, hang down, lower"
性,"xìng (性, 性)","nature, character, sex, gender"
份,"fèn (份, 份)",m.[general]
因素,"yīnsù (因素, 因素)","consideration, ingredient, constituent, factor, strand, component, element"
推出,"tuīchū (推出, 推出)",present to public
價格,"jiàgé (價格, 价格)",price
認識,"rènshì (認識, 认识)","know, recognize"
方向,"fāngxiàng (方向, 方向)","path, set, directional, aspect, tenor, course, lay, exposure, way, range, aim, trend, direction, bearing, orientation, hand, tack, way of life, quarter, channel, line, heading"
責任,"zérèn (責任, 责任)","need, care, encumbrance, buck, accountability, blame, obligation, turn, load, responsibleness, incumbrance, responsibility, onus, commission, burden, commitment, loading, trust, pigeon, charge, business, fault, place, liability, duty, guardianship"
說明,"shuōmíng (說明, 说明)","explain, illustrate, show"
工業,"gōngyè (工業, 工业)","industrial, industry"
大量,"dàliàng (大量, 大量)","det.: any numer of,  a great many"
逐漸,"zhújiàn (逐漸, 逐渐)","step_by_step, by degrees, gradually"
心理,"xīnlǐ (心理, 心理)","mental_state, psychology, mentality"
一點,"yīdiǎn (一點, 一点)",det.: a little bit
供,"gōng (供, 供)","supply, feed, be for the use/convenience of"
須,"xū (須, 须)","must, have to"
簡單,"jiǎndān (簡單, 简单)","terse, casual, commonplace, simple, oversimplified, ordinary, uncomplicated"
運用,"yùnyòng (運用, 运用)","utilize, wield, apply"
觀察,"guānchá (觀察, 观察)","observe, survey, inspect"
往往,"wǎngwǎng (往往, 往往)","oftentimes, ofttimes, always, more often than not, frequently, oft, often"
規劃,"guīhuà (規劃, 规划)","plan, program"
減少,"jiǎnshǎo (減少, 减少)","reduce, decrease"
重新,"chóngxīn (重新, 重新)","over_again, newly, afresh, anew, again"
業務,"yèwù (業務, 业务)","service, practice, vocational work, line of work, affair, line, occupation, professional work, business, transaction"
報導,"bàodǎo (報導, 报导)","report,"
仍然,"réngrán (仍然, 仍然)","still, yet"
感到,"gǎndào (感到, 感到)","feel, sense"
領域,"lǐngyū (領域, 领域)","demesne, line of business, field of operation, country, background, terrain, realm, part, arena, sphere of influence, setting, territory, precinct, radius, scope, domain, sphere, frontier, orbit, preserve, area, world, kingdom, ambit, signory, province, region, field, universe, hemisphere"
有效,"yǒuxiào (有效, 有效)","run, stand, valid, effective, efficacious, avail, make, hold"
女,"nǔ (女, 女)","girl, female, woman, neodymium, hen, daughter, beaver, creature"
從事,"cóngshì (從事, 从事)","engross, have, join, treat, plow, handle, follow, embark, undertake, attend_to, attack, occupy, absorb, go_into, work, engage, prosecute, go_about, go in for, pursue, be, meddle, embark_on, perform, enter, cover, deal, address, be engaged in, deal with, place, wage"
發揮,"fāhuī (發揮, 发挥)","bring into play, give free rein to, develop idea/etc. , elaborate"
人才,"réncái (人才, 人才)","talent, capable person, a talented person, qualified personnel, a person of ability"
反而,"fǎnér (反而, 反而)","conj.: on the contrary,  instead"
行政,"xíngzhèng (行政, 行政)",administration
銀行,"yínháng (銀行, 银行)","jug, depository financial institution, bank building, banking company, banking concern, bank"
公共,"gōnggòng (公共, 公共)","common, commonly, publicly, public, communal"
媒體,"méitǐ (媒體, 媒体)","mass media, media, medium"
提高,"tígāo (提高, 提高)","raise, heighten, enhance, increase, improve"
代,"dài (代, 代)","period, generation"
社區,"shèqū (社區, 社区)",community
力量,"lìliàng (力量, 力量)","fibre, strength, potency, ability, guts, kick, cogency, point, dint, energy, mightiness, physical strength, demon, force, punch, whiz, tooth, might, forcefulness, exercise, fiber, powerfulness, lift, pith, leverage, agency, push, muscle, power"
教育部,"jiàoyūbù (教育部, 教育部)","Education, Ministry of Education, Department of Education, Education Department"
愈,"yū (愈, 愈)",the more...
超過,"chāoguò (超過, 超过)","overpass, overreach, outwalk, outstrip, overstep, outmarch, distance, pass, overstride, outpace, overtop, surpass, crown, exceed, overtake, preponderate, overrun, top, outrun, go_over, transcend, outrange, transgress, go past, break, excess, overhaul, overshine"
維持,"wéichí (維持, 维持)","keep, preserve"
家長,"jiāzhǎng (家長, 家长)","masterman, housemaster, graybeard, patriarch, parent of schoolchildren, patriarchal, goodman, patriarchate, paterfamilias, the head of a family, genearch, patriarchy, householder, head of household, the parent or guadian of a child"
結合,"jiéhé (結合, 结合)","combine, unite, integrate, link, be joined in wedlock"
校長,"xiàozhǎng (校長, 校长)","prexy, head, principal, headteacher, schoolmaster, master, warden, president, beak, rector, superintendent, director, head teacher, preceptor, headmaster, chancellor, school principal"
通常,"tōngcháng (通常, 通常)","normal, commonly, customarily, more often than not, general, usual, on average, as a rule, ordinarily, mostly, as usual, typically, generally, normally, by and large, unremarkably, on the average, usually"
缺乏,"quēfá (缺乏, 缺乏)","be short of,  lack"
委員,"wěiyuán (委員, 委员)","commissar, committee man, committee, committee member, commissioner, committeeman, delegate, board member, commissary"
特色,"tèsè (特色, 特色)","motif, a character, a characteristic, manner, trait, differentiation, flavor, colour, singularity, distinction, characteristic, hue, stripe, physiognomy, a distinguishing feature, idiom, specialty, character, difference, particular, distinguishing feature, distinguishing feature/quality, salience, coloration, distinguishing quality, specific, feature, peculiarity, artistic st"
有時,"yǒushí (有時, 有时)","now and then, at times, betweentimes, from time to time, sometimes"
教師,"jiàoshī (教師, 教师)","beak, don, school teacher, schoolman, teacher, schoolmaster, preceptor, professor, pedagogue, schoolteacher, coach, master, instructor, educator, preceptorship"
之前,"zhīqián (之前, 之前)","before,  prior to,  ago"
遠,"yuǎn (遠, 远)","far, distant lit./fig."
控制,"kòngzhì (控制, 控制)","control, dominate, command"
否則,"fǒuzé (否則, 否则)","conj.: otherwise, if not, or else"
法,"fǎ (法, 法)","law, method, way, mode, standard, model, legalists, Legalist School, Buddhist doctrine, dharma, magic arts"
少,"shǎo (少, 少)","lack, be deficient, lose, be missing"
原則,"yuánzé (原則, 原则)","god, rule, formula, regulation, principle, fundamental, axiom, basis, linguistic rule, faith, principium"
臉,"liǎn (臉, 脸)","map, mug, kisser, puss, visage, snoot, frontispiece, pan, smiler, mazzard, mush, facial, countenance, phiz, figurehead, face, physiognomy, front, human face"
通過,"tōngguò (通過, 通过)","adopt, pass, carry motion/legislation"
建議,"jiànyì (建議, 建议)","propose, suggest, recommend"
工具,"gōngjù (工具, 工具)","stock in trade, instrumentality, instrument, ministry, hand_tool, escalator, creature, utensil, material, gear, pawn, lobster"
作業,"zuòyè (作業, 作业)","school assignment, work, task, operation, production"
達,"dá (達, 达)","lead, attain, extend, amount to, ryke, express, attainment, inform, reach"
節目,"jiémù (節目, 节目)","item, item on program , programme, act, telecast, number, program"
智慧,"zhìhuì (智慧, 智慧)","lore, sapiency, sconce, wit, intelligence, gumption, savvy, wiseness, soundness, wisdom, grey_matter, sapience"
來自,"láizì (來自, 来自)","come from, originate from, come, stem/originate from, attach_to, stem, come/stem/originate from, hail"
變化,"biànhuà (變化, 变化)","change, transformation"
同樣,"tóngyàng (同樣, 同样)","same, equal, similar"
形式,"xíngshì (形式, 形式)","circumstance, form, kind, modality, reading, interpretation, variety, shape, embodiment, species, mode, version, sort"
站,"zhàn (站, 站)",to stand
以為,"yǐwéi (以為, 以为)","imagine, think/believe/consider erroneously, treat, deem, believe, suspect, suppose, consider erroneously, repute, animadvert, esteem, trow, speak up, feel, count, believe/consider erroneously, calculate, view as, guess, ween, look, expect, think erroneously, think, hold, opine, interpret, sound off, take_for, consider, take for"
健康,"jiànkāng (健康, 健康)","healthy, sound"
擔任,"dānrèn (擔任, 担任)","hold the post of, take charge of, assume, take_charge, fill, shoulder, adopt, skipper, assume the office of, assume office of, act_as, take, act as, play, undertake, take over, take on"
人口,"rénkǒu (人口, 人口)",population
剛,"gāng (剛, 刚)","exactly, only a short while ago, just now, barely, only just, just"
特殊,"tèshū (特殊, 特殊)","exceptional, special, particular; peculiar, distinctive"
原來,"yuánlái (原來, 原来)","originally, formerly"
道,"dào (道, 道)","say, speak, talk, think, suppose"
傳統,"chuántǒng (傳統, 传统)","rule, patrimony, legacy, custom, heritage, convention, conventionality, routine, normal practice, common practice, tradition"
總是,"zǒngshì (總是, 总是)",always
前往,"qiánwǎng (前往, 前往)","depart, cruise, go_to, go, leave, go to, proceed to, pay, seek, leave for"
投資,"tóuzī (投資, 投资)",investment
加強,"jiāqiáng (加強, 加强)","strengthen, augment, reinforce"
不斷,"búduàn (不斷, 不断)","unceasingly,  continuously"
對象,"duìxiàng (對象, 对象)","boy/girl friend, mate, fair game, boy friend, prey, boy, object, quarry, target, girl friend, catch, match"
追求,"zhuīqiú (追求, 追求)","seek,  pursue,  woo,  court"
加上,"jiāshàng (加上, 加上)",conj.: in addition to to
思考,"sīkǎo (思考, 思考)","ponder over, reflect on"
製作,"zhìzuò (製作, 制作)","make, manufacture"
台北市,"táiběishì (台北市, 台北市)",capital of Republic of China on Taiwan
取得,"qǔdé (取得, 取得)","gain, acquire, obtain"
出來,"chūlái (出來, 出来)","come forward, issue, come up, step up, step to the fore, out toward one , come_out, pop out, come out, rise, come to the fore, step forward, emergence, come forth, emerge"
加入,"jiārù (加入, 加入)","join, accede to"
台,"tái (台, 台)",short for Taiwan
安排,"ānpái (安排, 安排)","arrange, plan, fix up, provide meals/etc"
兒童,"értóng (兒童, 儿童)","kid, nipper, enfant, tyke, youngster, small fry, minor, shaver, nestling, tike, child, chit, fry, children, infant, tiddler, small fry"
國中,"guózhōng (國中, 国中)","middle school, junior high school"
範圍,"fànwéi (範圍, 范围)","demesne, latitude, shot, compass, extensity, panorama, parameter, boundary, arena, stretch, territory, radius, spectrum, scope, extension, sphere, orbit, circumscription, limits, purview, grasp, extent, region, space, limit, hemisphere, horizon, envelope, bounds, realm, terrain, tether, sphere of influence, range, circuit, domain, precinct, reach, area, length, spread, bailiwick, ambit, con"
老人,"lǎorén (老人, 老人)","oldster, ancient, old woman, crock, one's aged parents or grandparents, old man/woman, one's aged parents/grandparents, Sir, old person, gaffer, pop, one's aged parents, the aged/old, old_man, senior_citizen, oldie, greybeard, old man, graybeard, old, grandparents, the old, the aged, senior citizen, old_boy, old boy, woman, old timer, old man or woman, one's aged grandparents"
雙方,"shuāngfāng (雙方, 双方)","both, the two parties, two parties, both sides"
牠,"tā (牠, 牠)",it animal
北京,"běijīng (北京, 北京)","capital of Red China, Beijing, Peking, Beijing"
年輕,"niánqīng (年輕, 年轻)","junior, young"
結束,"jiéshù (結束, 结束)","end, close, conclude"
教,"jiāo (教, 教)",teach
程式,"chéngshì (程式, 程式)","formula, instruction, computer programme, pattern, form, modality, subprogram, routine, programme, course, function, subroutine, procedure, mode, order, sequence, computer program, program"
婦女,"fùnǔ (婦女, 妇女)","feme, womankind, female, femininity, cummer, woman, femme, quean, bevy, matron, toots, womanhood, feminine, womenfolk, women"
找到,"zhǎodào (找到, 找到)","light upon, find, discover, run_down, founded, regain, strike, come upon, come across, run down, trace, turn_up, happen upon, get, chance on, chance upon"
彼此,"bǐcǐ (彼此, 彼此)","each other, one another, I/me too"
全球,"quánqiú (全球, 全球)","global, whole world"
成本,"chéngběn (成本, 成本)",cost
回到,"huídào (回到, 回到)","remount, retour, recur, turn back, regress, regain, revert, go_back, return to, return, go back to"
部,"bù (部, 部)",m.[general]
而已,"éryǐ (而已, 而已)",particle: imparting finality that's all
之下,"zhīxià (之下, 之下)","under the condition of, under, beneath, below"
變,"biàn (變, 变)","change, transform"
期間,"qíjiān (期間, 期间)","length, period, time period, amount of time, duration, course, interim, period of time, time, standing, chapter, tract, space, term, streak, efflux"
非,"fēi (非, 非)",not
小姐,"xiǎojiě (小姐, 小姐)","Signorina, Senorita, senorita, signorina, young_lady, damosel, Dona, mum, young lady, damoiselle, missy, tootsy, demoiselle, damsel, Miss, Fraulein, miss, sheila, sister, toots, senhorita, damozel, Ladyship, ladyship, Mademoiselle, mademoiselle"
整體,"zhěngtǐ (整體, 整体)","integrity, allness, entirety, integer, integral, monolith, entireness, ensemble, wholeness, entire, tout ensemble, whole, totality, unity"
採用,"cǎiyòng (採用, 采用)","invoke, admit, assume, adoptive, use, adopt, select for use, embrace, accept, employment, take, introduce, take up, take_on, take over, take on, borrow, employ, adoption"
根本,"gēnběn (根本, 根本)","at all, utterly"
叫,"jiào (叫, 叫)",to be called
歐洲,"ōuzhōu (歐洲, 欧洲)",Europe
正在,"zhèngzài (正在, 正在)","course of, be, be in process"
加以,"jiāyǐ (加以, 加以)",handle; treat used before polysyllabic verbs or verbal nouns
充滿,"chōngmǎn (充滿, 充满)","swarm, be brimming, inhabit, be brimming with, teem, crawl, fill, lard, pullulate with, brim, be permeated with, bathe, be filled with, permeated with, abound in, implement, exuberate, fill up, flow, abound, burst, perfuse, foam, bristle, crackle, inform, pervade, be imbued with, simmer, glut, teem in, permeate, congest, be full of, reek, charge, suffuse, pullulate, overfill, swell"
系列,"xìliè (系列, 系列)","succession, set, spectrum, course, train, series"
隨著,"suízhe (隨著, 随着)","along with, in the wake of, in pace with"
早,"zǎo (早, 早)","early, long ago, in advance, beforehand, prematurely"
等等,"děngděng (等等, 等等)","conj.: and so on, etc"
頗,"pǒ (頗, 颇)","pretty, quite an, very, quite, jolly, fearfully, quite a, molto, middling, considerably, greatly"
不足,"bùzú (不足, 不足)","not be enough, not be worth doing sth. , cannot, should not"
總,"zǒng (總, 总)","always, invariably, anyway, after all, inevitably, sooner or later"
分析,"fēnxī (分析, 分析)",analyze
深,"shēn (深, 深)","deepen, penetrating, profound, deep, dark"
報告,"bàogào (報告, 报告)","report, speech,  student term paper"
不錯,"búcuò (不錯, 不错)","not bad, pretty good;correct, right"
在於,"zàiyū (在於, 在于)","be at, on, lie, in, depend on, lie_in, rest with, lie in, be determined by, consist_in, consist in"
旁,"páng (旁, 旁)","side, by the side of, other"
笑,"xiào (笑, 笑)","smile, laugh"
故,"gù (故, 故)","conj.: hence,  so,  therefore,  as a result"
消費者,"xiāofèizhě (消費者, 消费者)","customer, buyer, consumer"
意識,"yìshì (意識, 意识)","consciousness, witting, sensibility, conscious, conscience, ideology, awareness, subconscious, mentality"
公尺,"gōngchǐ (公尺, 公尺)",m.[standard]
民族,"mínzú (民族, 民族)","tribe, citizenry, ethnos, ethnic minority/group, race, nationality, group, Volk, nation, folk, people, ethnic group, ethnographer, family, ethnic minority"
為主,"wéizhǔ (為主, 为主)",give first place to
大眾,"dàzhòng (大眾, 大众)","the broad masses, roughscuff, the public, herd, concourse, commonality, riffraff, masses, commonness, the masses, throng, multitude, commonage, commonalty, plebeian, plebs, horde, the people/masses, community, the people, million, mass, public"
到底,"dàodǐ (到底, 到底)","to the end, at last, after all"
願,"yuàn (願, 愿)","will, wish, may, desire"
度,"dù (度, 度)",m.[activity]
大概,"dàgài (大概, 大概)","chiefly, if not, perchance, approximately, believably, maybe, presumably, plausibly, almost, conceivably, most likely, assumedly, ablings, likely, perhaps, probably, supposedly, ablins, credibly, assumably, belike"
對方,"duìfāng (對方, 对方)","other party, the other party, fellow, party, other side, adversary, other side/party"
官員,"guānyuán (官員, 官员)","beg, official, mandarinate, administrative official, office bearer, officer, bureaucrat, placeman, federal agent, government officials, agent, officialism, functionary, director, officeholder, officialdom, myrmidon"
發表,"fābiǎo (發表, 发表)","voice, enounce, enunciate, publish, free, sound, announce, pronounce, deliver, circulation, put_out, release, issue, vend, circularize, give, give_out, denote, present, circulate, publicize, blazon, promulgate, mouth"
進一步,"jìnyībù (進一步, 进一步)",go step further
自由,"zìyóu (自由, 自由)","free, unrestrained"
正確,"zhèngquè (正確, 正确)","correct, true, exact, proper, right"
豐富,"fēngfù (豐富, 丰富)","rich, abundant, plentiful"
國民黨,"guómíndǎng (國民黨, 国民党)","Kuomintang, Nationalist Party, Kuomintang KMT"
戰爭,"zhànzhēng (戰爭, 战争)","war, warfare"
怎麼樣,"zěnmeyàng (怎麼樣, 怎么样)",How are things?
只好,"zhǐhǎo (只好, 只好)","can only, have no choice but, have to, be forced to"
明顯,"míngxiǎn (明顯, 明显)","clear, obvious"
改革,"gǎigé (改革, 改革)",reform
表達,"biǎodá (表達, 表达)","express, convey, voice"
肯定,"kěndìng (肯定, 肯定)","affirm, approve, regard as positive"
強,"qiáng (強, 强)","strong, powerful, vigorous, better, slightly more than, plus"
高興,"gāoxìng (高興, 高兴)","glad,  happy,  cheerful,  merry,  pleased"
哪,"nǎ (哪, 哪)",det.: which
樹,"shù (樹, 树)","wood, Ruptiliocarpon caracolito, tree, arbor, Surname, caracolito"
適合,"shìhé (適合, 适合)","qualify, conform, fit, go, befit, quadrate, will, accord, tailor, beseem, serve, comport, gee, answer, become, fit_in, service, pertain, like, accommodate, agree, belong, characterize, make, suit, match"
茶,"chá (茶, 茶)",tea
別,"bié (別, 别)",don't
國外,"guówài (國外, 国外)",overseas
關心,"guānxīn (關心, 关心)",be concerned about
蘇聯,"sūlián (蘇聯, 苏联)","Russia, Soviet, USSR, Soviet Union"
成績,"chéngjī (成績, 成绩)","execution, carrying into action, achievement, result, showing, carrying out, performance, grade, success, doing, batting average"
人物,"rénwù (人物, 人物)","character, persona, original, spirit, figure painting, character in literature, figure, person in literature, person, fish, personage, personality"
聽到,"tīngdào (聽到, 听到)",hear
創造,"chuàngzào (創造, 创造)","create, produce, bring about"
不必,"búbì (不必, 不必)","need not, not have to"
不論,"búlùn (不論, 不论)",conj.: no matter how/who/what/etc.
尚,"shàng (尚, 尚)","still, yet, fairly, rather"
居民,"jūmín (居民, 居民)","municipality, population, citizen, denizen, townie, people, dweller, populace, residenter, resident, towny, inhabitant, habitant, liver"
不管,"bùguǎn (不管, 不管)","conj.: no matter,  regardless of"
美麗,"měilì (美麗, 美丽)",beautiful
伊拉克,"yīlākè (伊拉克, 伊拉克)","Iraq, Iraq, Irak"
帶來,"dàilái (帶來, 带来)","bring, redound, impart, bring_on, bring on, express, fetch, lend, convey, contribute, bring about, bestow, carry, bring oneself, add, usher, incur, land"
般,"bān (般, 般)","way, kind, variety, sort"
永遠,"yǒngyuǎn (永遠, 永远)","e'er, always, for_good, evermore, ever, forever"
感情,"gǎnqíng (感情, 感情)","warmheartedness, reticence, sensation, affection, susceptibility, feeling, feelings, heart, affective, withers, expression, tenderness, emotion, sentiment, fondness, soul, affectionateness, soulfulness, passion"
兒子,"érzi (兒子, 儿子)","viscount, man child, boy, male offspring, son"
這樣子,"zhèyàngzi (這樣子, 这样子)","so, such, like this, this way"
起,"qǐ (起, 起)",[aspect]
全部,"quánbù (全部, 全部)","lot, aggregate, all, gross, entirety, allness, shebang, caboodle, complete, bunch, sum, total, gamut, entire, det.: all, totality, whole"
